time,latitude,longitude,variable,value
2025-08-11T00:00:00Z,52.2297,21.0122,temperature_2m,20.195
2025-08-11T00:00:00Z,52.2297,21.0122,precipitation,0.000
2025-08-11T00:00:00Z,52.2297,21.0122,wind_speed_100m,6.303
2025-08-11T00:00:00Z,52.2297,21.0122,wind_direction_100m,184.366
2025-08-11T00:00:00Z,52.2797,21.0122,temperature_2m,20.331
2025-08-11T00:00:00Z,52.2797,21.0122,precipitation,0.152
2025-08-11T00:00:00Z,52.2797,21.0122,wind_speed_100m,6.824
2025-08-11T00:00:00Z,52.2797,21.0122,wind_direction_100m,196.709
2025-08-11T00:00:00Z,52.2297,21.0622,temperature_2m,19.606
2025-08-11T00:00:00Z,52.2297,21.0622,precipitation,0.814
2025-08-11T00:00:00Z,52.2297,21.0622,wind_speed_100m,6.687
2025-08-11T00:00:00Z,52.2297,21.0622,wind_direction_100m,179.396
2025-08-11T00:00:00Z,52.2797,21.0622,temperature_2m,19.609
2025-08-11T00:00:00Z,52.2797,21.0622,precipitation,1.997
2025-08-11T00:00:00Z,52.2797,21.0622,wind_speed_100m,6.754
2025-08-11T00:00:00Z,52.2797,21.0622,wind_direction_100m,195.054
2025-08-11T01:00:00Z,52.2297,21.0122,temperature_2m,21.329
2025-08-11T01:00:00Z,52.2297,21.0122,precipitation,0.000
2025-08-11T01:00:00Z,52.2297,21.0122,wind_speed_100m,6.630
2025-08-11T01:00:00Z,52.2297,21.0122,wind_direction_100m,205.126
2025-08-11T01:00:00Z,52.2797,21.0122,temperature_2m,20.983
2025-08-11T01:00:00Z,52.2797,21.0122,precipitation,0.000
2025-08-11T01:00:00Z,52.2797,21.0122,wind_speed_100m,6.583
2025-08-11T01:00:00Z,52.2797,21.0122,wind_direction_100m,202.931
2025-08-11T01:00:00Z,52.2297,21.0622,temperature_2m,21.983
2025-08-11T01:00:00Z,52.2297,21.0622,precipitation,0.000
2025-08-11T01:00:00Z,52.2297,21.0622,wind_speed_100m,7.089
2025-08-11T01:00:00Z,52.2297,21.0622,wind_direction_100m,196.706
2025-08-11T01:00:00Z,52.2797,21.0622,temperature_2m,21.383
2025-08-11T01:00:00Z,52.2797,21.0622,precipitation,0.000
2025-08-11T01:00:00Z,52.2797,21.0622,wind_speed_100m,6.947
2025-08-11T01:00:00Z,52.2797,21.0622,wind_direction_100m,202.569
2025-08-11T02:00:00Z,52.2297,21.0122,temperature_2m,23.506
2025-08-11T02:00:00Z,52.2297,21.0122,precipitation,0.000
2025-08-11T02:00:00Z,52.2297,21.0122,wind_speed_100m,7.060
2025-08-11T02:00:00Z,52.2297,21.0122,wind_direction_100m,206.099
2025-08-11T02:00:00Z,52.2797,21.0122,temperature_2m,22.412
2025-08-11T02:00:00Z,52.2797,21.0122,precipitation,0.000
2025-08-11T02:00:00Z,52.2797,21.0122,wind_speed_100m,6.784
2025-08-11T02:00:00Z,52.2797,21.0122,wind_direction_100m,194.028
2025-08-11T02:00:00Z,52.2297,21.0622,temperature_2m,23.190
2025-08-11T02:00:00Z,52.2297,21.0622,precipitation,0.000
2025-08-11T02:00:00Z,52.2297,21.0622,wind_speed_100m,6.890
2025-08-11T02:00:00Z,52.2297,21.0622,wind_direction_100m,199.412
2025-08-11T02:00:00Z,52.2797,21.0622,temperature_2m,22.674
2025-08-11T02:00:00Z,52.2797,21.0622,precipitation,0.000
2025-08-11T02:00:00Z,52.2797,21.0622,wind_speed_100m,7.347
2025-08-11T02:00:00Z,52.2797,21.0622,wind_direction_100m,204.969
2025-08-11T03:00:00Z,52.2297,21.0122,temperature_2m,23.782
2025-08-11T03:00:00Z,52.2297,21.0122,precipitation,0.000
2025-08-11T03:00:00Z,52.2297,21.0122,wind_speed_100m,7.137
2025-08-11T03:00:00Z,52.2297,21.0122,wind_direction_100m,199.803
2025-08-11T03:00:00Z,52.2797,21.0122,temperature_2m,24.928
2025-08-11T03:00:00Z,52.2797,21.0122,precipitation,0.000
2025-08-11T03:00:00Z,52.2797,21.0122,wind_speed_100m,7.066
2025-08-11T03:00:00Z,52.2797,21.0122,wind_direction_100m,207.674
2025-08-11T03:00:00Z,52.2297,21.0622,temperature_2m,24.723
2025-08-11T03:00:00Z,52.2297,21.0622,precipitation,0.000
2025-08-11T03:00:00Z,52.2297,21.0622,wind_speed_100m,7.175
2025-08-11T03:00:00Z,52.2297,21.0622,wind_direction_100m,201.116
2025-08-11T03:00:00Z,52.2797,21.0622,temperature_2m,23.838
2025-08-11T03:00:00Z,52.2797,21.0622,precipitation,0.000
2025-08-11T03:00:00Z,52.2797,21.0622,wind_speed_100m,7.308
2025-08-11T03:00:00Z,52.2797,21.0622,wind_direction_100m,214.062
2025-08-11T04:00:00Z,52.2297,21.0122,temperature_2m,25.414
2025-08-11T04:00:00Z,52.2297,21.0122,precipitation,0.000
2025-08-11T04:00:00Z,52.2297,21.0122,wind_speed_100m,6.694
2025-08-11T04:00:00Z,52.2297,21.0122,wind_direction_100m,217.544
2025-08-11T04:00:00Z,52.2797,21.0122,temperature_2m,24.867
2025-08-11T04:00:00Z,52.2797,21.0122,precipitation,0.000
2025-08-11T04:00:00Z,52.2797,21.0122,wind_speed_100m,6.575
2025-08-11T04:00:00Z,52.2797,21.0122,wind_direction_100m,210.481
2025-08-11T04:00:00Z,52.2297,21.0622,temperature_2m,25.315
2025-08-11T04:00:00Z,52.2297,21.0622,precipitation,0.000
2025-08-11T04:00:00Z,52.2297,21.0622,wind_speed_100m,7.096
2025-08-11T04:00:00Z,52.2297,21.0622,wind_direction_100m,207.241
2025-08-11T04:00:00Z,52.2797,21.0622,temperature_2m,25.893
2025-08-11T04:00:00Z,52.2797,21.0622,precipitation,0.000
2025-08-11T04:00:00Z,52.2797,21.0622,wind_speed_100m,6.785
2025-08-11T04:00:00Z,52.2797,21.0622,wind_direction_100m,201.071
2025-08-11T05:00:00Z,52.2297,21.0122,temperature_2m,26.204
2025-08-11T05:00:00Z,52.2297,21.0122,precipitation,0.000
2025-08-11T05:00:00Z,52.2297,21.0122,wind_speed_100m,6.417
2025-08-11T05:00:00Z,52.2297,21.0122,wind_direction_100m,201.249
2025-08-11T05:00:00Z,52.2797,21.0122,temperature_2m,26.490
2025-08-11T05:00:00Z,52.2797,21.0122,precipitation,0.000
2025-08-11T05:00:00Z,52.2797,21.0122,wind_speed_100m,6.503
2025-08-11T05:00:00Z,52.2797,21.0122,wind_direction_100m,219.400
2025-08-11T05:00:00Z,52.2297,21.0622,temperature_2m,25.112
2025-08-11T05:00:00Z,52.2297,21.0622,precipitation,0.000
2025-08-11T05:00:00Z,52.2297,21.0622,wind_speed_100m,6.656
2025-08-11T05:00:00Z,52.2297,21.0622,wind_direction_100m,213.612
2025-08-11T05:00:00Z,52.2797,21.0622,temperature_2m,25.469
2025-08-11T05:00:00Z,52.2797,21.0622,precipitation,0.000
2025-08-11T05:00:00Z,52.2797,21.0622,wind_speed_100m,6.592
2025-08-11T05:00:00Z,52.2797,21.0622,wind_direction_100m,202.209
2025-08-11T06:00:00Z,52.2297,21.0122,temperature_2m,25.935
2025-08-11T06:00:00Z,52.2297,21.0122,precipitation,0.000
2025-08-11T06:00:00Z,52.2297,21.0122,wind_speed_100m,6.444
2025-08-11T06:00:00Z,52.2297,21.0122,wind_direction_100m,216.177
2025-08-11T06:00:00Z,52.2797,21.0122,temperature_2m,26.001
2025-08-11T06:00:00Z,52.2797,21.0122,precipitation,0.000
2025-08-11T06:00:00Z,52.2797,21.0122,wind_speed_100m,5.824
2025-08-11T06:00:00Z,52.2797,21.0122,wind_direction_100m,216.913
2025-08-11T06:00:00Z,52.2297,21.0622,temperature_2m,25.718
2025-08-11T06:00:00Z,52.2297,21.0622,precipitation,1.530
2025-08-11T06:00:00Z,52.2297,21.0622,wind_speed_100m,6.192
2025-08-11T06:00:00Z,52.2297,21.0622,wind_direction_100m,210.839
2025-08-11T06:00:00Z,52.2797,21.0622,temperature_2m,26.390
2025-08-11T06:00:00Z,52.2797,21.0622,precipitation,0.000
2025-08-11T06:00:00Z,52.2797,21.0622,wind_speed_100m,6.105
2025-08-11T06:00:00Z,52.2797,21.0622,wind_direction_100m,198.672
2025-08-11T07:00:00Z,52.2297,21.0122,temperature_2m,25.123
2025-08-11T07:00:00Z,52.2297,21.0122,precipitation,0.000
2025-08-11T07:00:00Z,52.2297,21.0122,wind_speed_100m,5.951
2025-08-11T07:00:00Z,52.2297,21.0122,wind_direction_100m,212.963
2025-08-11T07:00:00Z,52.2797,21.0122,temperature_2m,25.526
2025-08-11T07:00:00Z,52.2797,21.0122,precipitation,0.000
2025-08-11T07:00:00Z,52.2797,21.0122,wind_speed_100m,5.255
2025-08-11T07:00:00Z,52.2797,21.0122,wind_direction_100m,212.949
2025-08-11T07:00:00Z,52.2297,21.0622,temperature_2m,25.215
2025-08-11T07:00:00Z,52.2297,21.0622,precipitation,0.000
2025-08-11T07:00:00Z,52.2297,21.0622,wind_speed_100m,5.597
2025-08-11T07:00:00Z,52.2297,21.0622,wind_direction_100m,196.773
2025-08-11T07:00:00Z,52.2797,21.0622,temperature_2m,26.168
2025-08-11T07:00:00Z,52.2797,21.0622,precipitation,0.000
2025-08-11T07:00:00Z,52.2797,21.0622,wind_speed_100m,5.311
2025-08-11T07:00:00Z,52.2797,21.0622,wind_direction_100m,204.895
2025-08-11T08:00:00Z,52.2297,21.0122,temperature_2m,24.867
2025-08-11T08:00:00Z,52.2297,21.0122,precipitation,0.000
2025-08-11T08:00:00Z,52.2297,21.0122,wind_speed_100m,5.392
2025-08-11T08:00:00Z,52.2297,21.0122,wind_direction_100m,198.850
2025-08-11T08:00:00Z,52.2797,21.0122,temperature_2m,25.251
2025-08-11T08:00:00Z,52.2797,21.0122,precipitation,0.000
2025-08-11T08:00:00Z,52.2797,21.0122,wind_speed_100m,5.278
2025-08-11T08:00:00Z,52.2797,21.0122,wind_direction_100m,194.411
2025-08-11T08:00:00Z,52.2297,21.0622,temperature_2m,25.889
2025-08-11T08:00:00Z,52.2297,21.0622,precipitation,0.000
2025-08-11T08:00:00Z,52.2297,21.0622,wind_speed_100m,5.214
2025-08-11T08:00:00Z,52.2297,21.0622,wind_direction_100m,199.150
2025-08-11T08:00:00Z,52.2797,21.0622,temperature_2m,24.666
2025-08-11T08:00:00Z,52.2797,21.0622,precipitation,0.000
2025-08-11T08:00:00Z,52.2797,21.0622,wind_speed_100m,4.874
2025-08-11T08:00:00Z,52.2797,21.0622,wind_direction_100m,197.149
2025-08-11T09:00:00Z,52.2297,21.0122,temperature_2m,23.865
2025-08-11T09:00:00Z,52.2297,21.0122,precipitation,0.000
2025-08-11T09:00:00Z,52.2297,21.0122,wind_speed_100m,4.350
2025-08-11T09:00:00Z,52.2297,21.0122,wind_direction_100m,185.417
2025-08-11T09:00:00Z,52.2797,21.0122,temperature_2m,23.863
2025-08-11T09:00:00Z,52.2797,21.0122,precipitation,0.000
2025-08-11T09:00:00Z,52.2797,21.0122,wind_speed_100m,4.898
2025-08-11T09:00:00Z,52.2797,21.0122,wind_direction_100m,201.190
2025-08-11T09:00:00Z,52.2297,21.0622,temperature_2m,23.843
2025-08-11T09:00:00Z,52.2297,21.0622,precipitation,0.000
2025-08-11T09:00:00Z,52.2297,21.0622,wind_speed_100m,4.280
2025-08-11T09:00:00Z,52.2297,21.0622,wind_direction_100m,202.707
2025-08-11T09:00:00Z,52.2797,21.0622,temperature_2m,24.204
2025-08-11T09:00:00Z,52.2797,21.0622,precipitation,0.000
2025-08-11T09:00:00Z,52.2797,21.0622,wind_speed_100m,4.802
2025-08-11T09:00:00Z,52.2797,21.0622,wind_direction_100m,200.147
2025-08-11T10:00:00Z,52.2297,21.0122,temperature_2m,22.893
2025-08-11T10:00:00Z,52.2297,21.0122,precipitation,0.000
2025-08-11T10:00:00Z,52.2297,21.0122,wind_speed_100m,4.056
2025-08-11T10:00:00Z,52.2297,21.0122,wind_direction_100m,191.234
2025-08-11T10:00:00Z,52.2797,21.0122,temperature_2m,23.678
2025-08-11T10:00:00Z,52.2797,21.0122,precipitation,0.000
2025-08-11T10:00:00Z,52.2797,21.0122,wind_speed_100m,3.762
2025-08-11T10:00:00Z,52.2797,21.0122,wind_direction_100m,184.705
2025-08-11T10:00:00Z,52.2297,21.0622,temperature_2m,23.506
2025-08-11T10:00:00Z,52.2297,21.0622,precipitation,0.000
2025-08-11T10:00:00Z,52.2297,21.0622,wind_speed_100m,3.882
2025-08-11T10:00:00Z,52.2297,21.0622,wind_direction_100m,180.456
2025-08-11T10:00:00Z,52.2797,21.0622,temperature_2m,22.891
2025-08-11T10:00:00Z,52.2797,21.0622,precipitation,0.000
2025-08-11T10:00:00Z,52.2797,21.0622,wind_speed_100m,3.906
2025-08-11T10:00:00Z,52.2797,21.0622,wind_direction_100m,181.648
2025-08-11T11:00:00Z,52.2297,21.0122,temperature_2m,21.473
2025-08-11T11:00:00Z,52.2297,21.0122,precipitation,0.286
2025-08-11T11:00:00Z,52.2297,21.0122,wind_speed_100m,3.943
2025-08-11T11:00:00Z,52.2297,21.0122,wind_direction_100m,179.861
2025-08-11T11:00:00Z,52.2797,21.0122,temperature_2m,21.414
2025-08-11T11:00:00Z,52.2797,21.0122,precipitation,0.000
2025-08-11T11:00:00Z,52.2797,21.0122,wind_speed_100m,3.301
2025-08-11T11:00:00Z,52.2797,21.0122,wind_direction_100m,176.434
2025-08-11T11:00:00Z,52.2297,21.0622,temperature_2m,21.224
2025-08-11T11:00:00Z,52.2297,21.0622,precipitation,0.000
2025-08-11T11:00:00Z,52.2297,21.0622,wind_speed_100m,3.881
2025-08-11T11:00:00Z,52.2297,21.0622,wind_direction_100m,177.954
2025-08-11T11:00:00Z,52.2797,21.0622,temperature_2m,22.193
2025-08-11T11:00:00Z,52.2797,21.0622,precipitation,0.000
2025-08-11T11:00:00Z,52.2797,21.0622,wind_speed_100m,4.050
2025-08-11T11:00:00Z,52.2797,21.0622,wind_direction_100m,179.970
2025-08-11T12:00:00Z,52.2297,21.0122,temperature_2m,19.517
2025-08-11T12:00:00Z,52.2297,21.0122,precipitation,0.000
2025-08-11T12:00:00Z,52.2297,21.0122,wind_speed_100m,3.154
2025-08-11T12:00:00Z,52.2297,21.0122,wind_direction_100m,180.509
2025-08-11T12:00:00Z,52.2797,21.0122,temperature_2m,20.059
2025-08-11T12:00:00Z,52.2797,21.0122,precipitation,0.000
2025-08-11T12:00:00Z,52.2797,21.0122,wind_speed_100m,3.515
2025-08-11T12:00:00Z,52.2797,21.0122,wind_direction_100m,162.278
2025-08-11T12:00:00Z,52.2297,21.0622,temperature_2m,20.004
2025-08-11T12:00:00Z,52.2297,21.0622,precipitation,0.000
2025-08-11T12:00:00Z,52.2297,21.0622,wind_speed_100m,3.599
2025-08-11T12:00:00Z,52.2297,21.0622,wind_direction_100m,164.283
2025-08-11T12:00:00Z,52.2797,21.0622,temperature_2m,19.412
2025-08-11T12:00:00Z,52.2797,21.0622,precipitation,0.000
2025-08-11T12:00:00Z,52.2797,21.0622,wind_speed_100m,3.066
2025-08-11T12:00:00Z,52.2797,21.0622,wind_direction_100m,173.035
2025-08-11T13:00:00Z,52.2297,21.0122,temperature_2m,18.076
2025-08-11T13:00:00Z,52.2297,21.0122,precipitation,0.000
2025-08-11T13:00:00Z,52.2297,21.0122,wind_speed_100m,2.791
2025-08-11T13:00:00Z,52.2297,21.0122,wind_direction_100m,171.824
2025-08-11T13:00:00Z,52.2797,21.0122,temperature_2m,18.579
2025-08-11T13:00:00Z,52.2797,21.0122,precipitation,0.000
2025-08-11T13:00:00Z,52.2797,21.0122,wind_speed_100m,3.190
2025-08-11T13:00:00Z,52.2797,21.0122,wind_direction_100m,162.403
2025-08-11T13:00:00Z,52.2297,21.0622,temperature_2m,18.479
2025-08-11T13:00:00Z,52.2297,21.0622,precipitation,0.000
2025-08-11T13:00:00Z,52.2297,21.0622,wind_speed_100m,3.442
2025-08-11T13:00:00Z,52.2297,21.0622,wind_direction_100m,158.104
2025-08-11T13:00:00Z,52.2797,21.0622,temperature_2m,18.081
2025-08-11T13:00:00Z,52.2797,21.0622,precipitation,0.000
2025-08-11T13:00:00Z,52.2797,21.0622,wind_speed_100m,3.011
2025-08-11T13:00:00Z,52.2797,21.0622,wind_direction_100m,167.453
2025-08-11T14:00:00Z,52.2297,21.0122,temperature_2m,16.743
2025-08-11T14:00:00Z,52.2297,21.0122,precipitation,0.000
2025-08-11T14:00:00Z,52.2297,21.0122,wind_speed_100m,3.204
2025-08-11T14:00:00Z,52.2297,21.0122,wind_direction_100m,149.443
2025-08-11T14:00:00Z,52.2797,21.0122,temperature_2m,17.698
2025-08-11T14:00:00Z,52.2797,21.0122,precipitation,0.000
2025-08-11T14:00:00Z,52.2797,21.0122,wind_speed_100m,3.399
2025-08-11T14:00:00Z,52.2797,21.0122,wind_direction_100m,149.457
2025-08-11T14:00:00Z,52.2297,21.0622,temperature_2m,16.671
2025-08-11T14:00:00Z,52.2297,21.0622,precipitation,0.000
2025-08-11T14:00:00Z,52.2297,21.0622,wind_speed_100m,3.349
2025-08-11T14:00:00Z,52.2297,21.0622,wind_direction_100m,165.609
2025-08-11T14:00:00Z,52.2797,21.0622,temperature_2m,16.817
2025-08-11T14:00:00Z,52.2797,21.0622,precipitation,0.000
2025-08-11T14:00:00Z,52.2797,21.0622,wind_speed_100m,2.728
2025-08-11T14:00:00Z,52.2797,21.0622,wind_direction_100m,164.667
2025-08-11T15:00:00Z,52.2297,21.0122,temperature_2m,15.914
2025-08-11T15:00:00Z,52.2297,21.0122,precipitation,0.877
2025-08-11T15:00:00Z,52.2297,21.0122,wind_speed_100m,3.436
2025-08-11T15:00:00Z,52.2297,21.0122,wind_direction_100m,156.545
2025-08-11T15:00:00Z,52.2797,21.0122,temperature_2m,15.245
2025-08-11T15:00:00Z,52.2797,21.0122,precipitation,0.000
2025-08-11T15:00:00Z,52.2797,21.0122,wind_speed_100m,2.738
2025-08-11T15:00:00Z,52.2797,21.0122,wind_direction_100m,145.606
2025-08-11T15:00:00Z,52.2297,21.0622,temperature_2m,15.439
2025-08-11T15:00:00Z,52.2297,21.0622,precipitation,0.000
2025-08-11T15:00:00Z,52.2297,21.0622,wind_speed_100m,3.130
2025-08-11T15:00:00Z,52.2297,21.0622,wind_direction_100m,157.818
2025-08-11T15:00:00Z,52.2797,21.0622,temperature_2m,15.945
2025-08-11T15:00:00Z,52.2797,21.0622,precipitation,0.000
2025-08-11T15:00:00Z,52.2797,21.0622,wind_speed_100m,2.857
2025-08-11T15:00:00Z,52.2797,21.0622,wind_direction_100m,153.236
2025-08-11T16:00:00Z,52.2297,21.0122,temperature_2m,15.288
2025-08-11T16:00:00Z,52.2297,21.0122,precipitation,0.000
2025-08-11T16:00:00Z,52.2297,21.0122,wind_speed_100m,2.897
2025-08-11T16:00:00Z,52.2297,21.0122,wind_direction_100m,149.218
2025-08-11T16:00:00Z,52.2797,21.0122,temperature_2m,14.109
2025-08-11T16:00:00Z,52.2797,21.0122,precipitation,0.000
2025-08-11T16:00:00Z,52.2797,21.0122,wind_speed_100m,3.440
2025-08-11T16:00:00Z,52.2797,21.0122,wind_direction_100m,153.489
2025-08-11T16:00:00Z,52.2297,21.0622,temperature_2m,15.142
2025-08-11T16:00:00Z,52.2297,21.0622,precipitation,0.000
2025-08-11T16:00:00Z,52.2297,21.0622,wind_speed_100m,3.264
2025-08-11T16:00:00Z,52.2297,21.0622,wind_direction_100m,149.301
2025-08-11T16:00:00Z,52.2797,21.0622,temperature_2m,15.369
2025-08-11T16:00:00Z,52.2797,21.0622,precipitation,0.000
2025-08-11T16:00:00Z,52.2797,21.0622,wind_speed_100m,3.259
2025-08-11T16:00:00Z,52.2797,21.0622,wind_direction_100m,157.439
2025-08-11T17:00:00Z,52.2297,21.0122,temperature_2m,13.712
2025-08-11T17:00:00Z,52.2297,21.0122,precipitation,0.000
2025-08-11T17:00:00Z,52.2297,21.0122,wind_speed_100m,3.223
2025-08-11T17:00:00Z,52.2297,21.0122,wind_direction_100m,146.187
2025-08-11T17:00:00Z,52.2797,21.0122,temperature_2m,14.619
2025-08-11T17:00:00Z,52.2797,21.0122,precipitation,0.000
2025-08-11T17:00:00Z,52.2797,21.0122,wind_speed_100m,3.809
2025-08-11T17:00:00Z,52.2797,21.0122,wind_direction_100m,158.000
2025-08-11T17:00:00Z,52.2297,21.0622,temperature_2m,13.854
2025-08-11T17:00:00Z,52.2297,21.0622,precipitation,0.000
2025-08-11T17:00:00Z,52.2297,21.0622,wind_speed_100m,3.203
2025-08-11T17:00:00Z,52.2297,21.0622,wind_direction_100m,155.624
2025-08-11T17:00:00Z,52.2797,21.0622,temperature_2m,14.073
2025-08-11T17:00:00Z,52.2797,21.0622,precipitation,0.000
2025-08-11T17:00:00Z,52.2797,21.0622,wind_speed_100m,3.617
2025-08-11T17:00:00Z,52.2797,21.0622,wind_direction_100m,143.113
2025-08-11T18:00:00Z,52.2297,21.0122,temperature_2m,14.510
2025-08-11T18:00:00Z,52.2297,21.0122,precipitation,0.000
2025-08-11T18:00:00Z,52.2297,21.0122,wind_speed_100m,4.300
2025-08-11T18:00:00Z,52.2297,21.0122,wind_direction_100m,157.555
2025-08-11T18:00:00Z,52.2797,21.0122,temperature_2m,13.335
2025-08-11T18:00:00Z,52.2797,21.0122,precipitation,0.000
2025-08-11T18:00:00Z,52.2797,21.0122,wind_speed_100m,4.109
2025-08-11T18:00:00Z,52.2797,21.0122,wind_direction_100m,147.984
2025-08-11T18:00:00Z,52.2297,21.0622,temperature_2m,14.423
2025-08-11T18:00:00Z,52.2297,21.0622,precipitation,0.000
2025-08-11T18:00:00Z,52.2297,21.0622,wind_speed_100m,4.211
2025-08-11T18:00:00Z,52.2297,21.0622,wind_direction_100m,157.555
2025-08-11T18:00:00Z,52.2797,21.0622,temperature_2m,14.402
2025-08-11T18:00:00Z,52.2797,21.0622,precipitation,0.000
2025-08-11T18:00:00Z,52.2797,21.0622,wind_speed_100m,3.606
2025-08-11T18:00:00Z,52.2797,21.0622,wind_direction_100m,158.783
2025-08-11T19:00:00Z,52.2297,21.0122,temperature_2m,13.816
2025-08-11T19:00:00Z,52.2297,21.0122,precipitation,0.000
2025-08-11T19:00:00Z,52.2297,21.0122,wind_speed_100m,4.645
2025-08-11T19:00:00Z,52.2297,21.0122,wind_direction_100m,153.817
2025-08-11T19:00:00Z,52.2797,21.0122,temperature_2m,14.618
2025-08-11T19:00:00Z,52.2797,21.0122,precipitation,0.000
2025-08-11T19:00:00Z,52.2797,21.0122,wind_speed_100m,4.174
2025-08-11T19:00:00Z,52.2797,21.0122,wind_direction_100m,145.084
2025-08-11T19:00:00Z,52.2297,21.0622,temperature_2m,14.858
2025-08-11T19:00:00Z,52.2297,21.0622,precipitation,0.000
2025-08-11T19:00:00Z,52.2297,21.0622,wind_speed_100m,4.215
2025-08-11T19:00:00Z,52.2297,21.0622,wind_direction_100m,157.441
2025-08-11T19:00:00Z,52.2797,21.0622,temperature_2m,14.878
2025-08-11T19:00:00Z,52.2797,21.0622,precipitation,0.000
2025-08-11T19:00:00Z,52.2797,21.0622,wind_speed_100m,4.421
2025-08-11T19:00:00Z,52.2797,21.0622,wind_direction_100m,163.396
2025-08-11T20:00:00Z,52.2297,21.0122,temperature_2m,15.124
2025-08-11T20:00:00Z,52.2297,21.0122,precipitation,0.000
2025-08-11T20:00:00Z,52.2297,21.0122,wind_speed_100m,4.757
2025-08-11T20:00:00Z,52.2297,21.0122,wind_direction_100m,161.737
2025-08-11T20:00:00Z,52.2797,21.0122,temperature_2m,14.643
2025-08-11T20:00:00Z,52.2797,21.0122,precipitation,0.000
2025-08-11T20:00:00Z,52.2797,21.0122,wind_speed_100m,4.967
2025-08-11T20:00:00Z,52.2797,21.0122,wind_direction_100m,154.707
2025-08-11T20:00:00Z,52.2297,21.0622,temperature_2m,14.106
2025-08-11T20:00:00Z,52.2297,21.0622,precipitation,0.000
2025-08-11T20:00:00Z,52.2297,21.0622,wind_speed_100m,5.246
2025-08-11T20:00:00Z,52.2297,21.0622,wind_direction_100m,160.381
2025-08-11T20:00:00Z,52.2797,21.0622,temperature_2m,15.143
2025-08-11T20:00:00Z,52.2797,21.0622,precipitation,0.882
2025-08-11T20:00:00Z,52.2797,21.0622,wind_speed_100m,5.042
2025-08-11T20:00:00Z,52.2797,21.0622,wind_direction_100m,156.897
2025-08-11T21:00:00Z,52.2297,21.0122,temperature_2m,15.497
2025-08-11T21:00:00Z,52.2297,21.0122,precipitation,0.000
2025-08-11T21:00:00Z,52.2297,21.0122,wind_speed_100m,5.704
2025-08-11T21:00:00Z,52.2297,21.0122,wind_direction_100m,170.398
2025-08-11T21:00:00Z,52.2797,21.0122,temperature_2m,15.490
2025-08-11T21:00:00Z,52.2797,21.0122,precipitation,0.000
2025-08-11T21:00:00Z,52.2797,21.0122,wind_speed_100m,5.353
2025-08-11T21:00:00Z,52.2797,21.0122,wind_direction_100m,164.051
2025-08-11T21:00:00Z,52.2297,21.0622,temperature_2m,15.236
2025-08-11T21:00:00Z,52.2297,21.0622,precipitation,0.000
2025-08-11T21:00:00Z,52.2297,21.0622,wind_speed_100m,5.362
2025-08-11T21:00:00Z,52.2297,21.0622,wind_direction_100m,174.810
2025-08-11T21:00:00Z,52.2797,21.0622,temperature_2m,16.321
2025-08-11T21:00:00Z,52.2797,21.0622,precipitation,0.000
2025-08-11T21:00:00Z,52.2797,21.0622,wind_speed_100m,5.518
2025-08-11T21:00:00Z,52.2797,21.0622,wind_direction_100m,162.022
2025-08-11T22:00:00Z,52.2297,21.0122,temperature_2m,16.301
2025-08-11T22:00:00Z,52.2297,21.0122,precipitation,0.000
2025-08-11T22:00:00Z,52.2297,21.0122,wind_speed_100m,5.747
2025-08-11T22:00:00Z,52.2297,21.0122,wind_direction_100m,171.946
2025-08-11T22:00:00Z,52.2797,21.0122,temperature_2m,17.217
2025-08-11T22:00:00Z,52.2797,21.0122,precipitation,0.000
2025-08-11T22:00:00Z,52.2797,21.0122,wind_speed_100m,5.889
2025-08-11T22:00:00Z,52.2797,21.0122,wind_direction_100m,172.191
2025-08-11T22:00:00Z,52.2297,21.0622,temperature_2m,16.962
2025-08-11T22:00:00Z,52.2297,21.0622,precipitation,0.000
2025-08-11T22:00:00Z,52.2297,21.0622,wind_speed_100m,6.238
2025-08-11T22:00:00Z,52.2297,21.0622,wind_direction_100m,179.268
2025-08-11T22:00:00Z,52.2797,21.0622,temperature_2m,17.186
2025-08-11T22:00:00Z,52.2797,21.0622,precipitation,0.000
2025-08-11T22:00:00Z,52.2797,21.0622,wind_speed_100m,5.785
2025-08-11T22:00:00Z,52.2797,21.0622,wind_direction_100m,179.716
2025-08-11T23:00:00Z,52.2297,21.0122,temperature_2m,18.689
2025-08-11T23:00:00Z,52.2297,21.0122,precipitation,0.000
2025-08-11T23:00:00Z,52.2297,21.0122,wind_speed_100m,6.126
2025-08-11T23:00:00Z,52.2297,21.0122,wind_direction_100m,175.128
2025-08-11T23:00:00Z,52.2797,21.0122,temperature_2m,18.937
2025-08-11T23:00:00Z,52.2797,21.0122,precipitation,0.000
2025-08-11T23:00:00Z,52.2797,21.0122,wind_speed_100m,6.004
2025-08-11T23:00:00Z,52.2797,21.0122,wind_direction_100m,179.435
2025-08-11T23:00:00Z,52.2297,21.0622,temperature_2m,18.019
2025-08-11T23:00:00Z,52.2297,21.0622,precipitation,0.000
2025-08-11T23:00:00Z,52.2297,21.0622,wind_speed_100m,6.503
2025-08-11T23:00:00Z,52.2297,21.0622,wind_direction_100m,181.033
2025-08-11T23:00:00Z,52.2797,21.0622,temperature_2m,18.666
2025-08-11T23:00:00Z,52.2797,21.0622,precipitation,0.000
2025-08-11T23:00:00Z,52.2797,21.0622,wind_speed_100m,5.950
2025-08-11T23:00:00Z,52.2797,21.0622,wind_direction_100m,186.165
2025-08-12T00:00:00Z,52.2297,21.0122,temperature_2m,19.449
2025-08-12T00:00:00Z,52.2297,21.0122,precipitation,0.000
2025-08-12T00:00:00Z,52.2297,21.0122,wind_speed_100m,6.623
2025-08-12T00:00:00Z,52.2297,21.0122,wind_direction_100m,182.383
2025-08-12T00:00:00Z,52.2797,21.0122,temperature_2m,20.025
2025-08-12T00:00:00Z,52.2797,21.0122,precipitation,0.000
2025-08-12T00:00:00Z,52.2797,21.0122,wind_speed_100m,6.323
2025-08-12T00:00:00Z,52.2797,21.0122,wind_direction_100m,183.850
2025-08-12T00:00:00Z,52.2297,21.0622,temperature_2m,19.939
2025-08-12T00:00:00Z,52.2297,21.0622,precipitation,0.000
2025-08-12T00:00:00Z,52.2297,21.0622,wind_speed_100m,6.924
2025-08-12T00:00:00Z,52.2297,21.0622,wind_direction_100m,192.217
2025-08-12T00:00:00Z,52.2797,21.0622,temperature_2m,20.134
2025-08-12T00:00:00Z,52.2797,21.0622,precipitation,0.000
2025-08-12T00:00:00Z,52.2797,21.0622,wind_speed_100m,7.043
2025-08-12T00:00:00Z,52.2797,21.0622,wind_direction_100m,196.694
2025-08-12T01:00:00Z,52.2297,21.0122,temperature_2m,21.860
2025-08-12T01:00:00Z,52.2297,21.0122,precipitation,0.000
2025-08-12T01:00:00Z,52.2297,21.0122,wind_speed_100m,6.909
2025-08-12T01:00:00Z,52.2297,21.0122,wind_direction_100m,202.593
2025-08-12T01:00:00Z,52.2797,21.0122,temperature_2m,22.109
2025-08-12T01:00:00Z,52.2797,21.0122,precipitation,0.000
2025-08-12T01:00:00Z,52.2797,21.0122,wind_speed_100m,7.100
2025-08-12T01:00:00Z,52.2797,21.0122,wind_direction_100m,195.475
2025-08-12T01:00:00Z,52.2297,21.0622,temperature_2m,21.199
2025-08-12T01:00:00Z,52.2297,21.0622,precipitation,0.000
2025-08-12T01:00:00Z,52.2297,21.0622,wind_speed_100m,7.015
2025-08-12T01:00:00Z,52.2297,21.0622,wind_direction_100m,201.298
2025-08-12T01:00:00Z,52.2797,21.0622,temperature_2m,21.730
2025-08-12T01:00:00Z,52.2797,21.0622,precipitation,0.000
2025-08-12T01:00:00Z,52.2797,21.0622,wind_speed_100m,6.725
2025-08-12T01:00:00Z,52.2797,21.0622,wind_direction_100m,187.531
2025-08-12T02:00:00Z,52.2297,21.0122,temperature_2m,22.680
2025-08-12T02:00:00Z,52.2297,21.0122,precipitation,0.000
2025-08-12T02:00:00Z,52.2297,21.0122,wind_speed_100m,6.854
2025-08-12T02:00:00Z,52.2297,21.0122,wind_direction_100m,202.811
2025-08-12T02:00:00Z,52.2797,21.0122,temperature_2m,23.289
2025-08-12T02:00:00Z,52.2797,21.0122,precipitation,0.000
2025-08-12T02:00:00Z,52.2797,21.0122,wind_speed_100m,6.649
2025-08-12T02:00:00Z,52.2797,21.0122,wind_direction_100m,200.160
2025-08-12T02:00:00Z,52.2297,21.0622,temperature_2m,22.882
2025-08-12T02:00:00Z,52.2297,21.0622,precipitation,0.000
2025-08-12T02:00:00Z,52.2297,21.0622,wind_speed_100m,6.763
2025-08-12T02:00:00Z,52.2297,21.0622,wind_direction_100m,200.411
2025-08-12T02:00:00Z,52.2797,21.0622,temperature_2m,23.118
2025-08-12T02:00:00Z,52.2797,21.0622,precipitation,0.000
2025-08-12T02:00:00Z,52.2797,21.0622,wind_speed_100m,7.154
2025-08-12T02:00:00Z,52.2797,21.0622,wind_direction_100m,209.143
2025-08-12T03:00:00Z,52.2297,21.0122,temperature_2m,24.075
2025-08-12T03:00:00Z,52.2297,21.0122,precipitation,0.000
2025-08-12T03:00:00Z,52.2297,21.0122,wind_speed_100m,6.559
2025-08-12T03:00:00Z,52.2297,21.0122,wind_direction_100m,203.570
2025-08-12T03:00:00Z,52.2797,21.0122,temperature_2m,24.737
2025-08-12T03:00:00Z,52.2797,21.0122,precipitation,0.000
2025-08-12T03:00:00Z,52.2797,21.0122,wind_speed_100m,7.317
2025-08-12T03:00:00Z,52.2797,21.0122,wind_direction_100m,204.915
2025-08-12T03:00:00Z,52.2297,21.0622,temperature_2m,24.307
2025-08-12T03:00:00Z,52.2297,21.0622,precipitation,0.000
2025-08-12T03:00:00Z,52.2297,21.0622,wind_speed_100m,7.037
2025-08-12T03:00:00Z,52.2297,21.0622,wind_direction_100m,200.945
2025-08-12T03:00:00Z,52.2797,21.0622,temperature_2m,24.153
2025-08-12T03:00:00Z,52.2797,21.0622,precipitation,0.000
2025-08-12T03:00:00Z,52.2797,21.0622,wind_speed_100m,6.577
2025-08-12T03:00:00Z,52.2797,21.0622,wind_direction_100m,203.257
2025-08-12T04:00:00Z,52.2297,21.0122,temperature_2m,25.062
2025-08-12T04:00:00Z,52.2297,21.0122,precipitation,0.100
2025-08-12T04:00:00Z,52.2297,21.0122,wind_speed_100m,6.509
2025-08-12T04:00:00Z,52.2297,21.0122,wind_direction_100m,208.601
2025-08-12T04:00:00Z,52.2797,21.0122,temperature_2m,24.534
2025-08-12T04:00:00Z,52.2797,21.0122,precipitation,0.000
2025-08-12T04:00:00Z,52.2797,21.0122,wind_speed_100m,6.892
2025-08-12T04:00:00Z,52.2797,21.0122,wind_direction_100m,201.967
2025-08-12T04:00:00Z,52.2297,21.0622,temperature_2m,24.567
2025-08-12T04:00:00Z,52.2297,21.0622,precipitation,0.000
2025-08-12T04:00:00Z,52.2297,21.0622,wind_speed_100m,6.681
2025-08-12T04:00:00Z,52.2297,21.0622,wind_direction_100m,203.486
2025-08-12T04:00:00Z,52.2797,21.0622,temperature_2m,25.562
2025-08-12T04:00:00Z,52.2797,21.0622,precipitation,0.000
2025-08-12T04:00:00Z,52.2797,21.0622,wind_speed_100m,6.681
2025-08-12T04:00:00Z,52.2797,21.0622,wind_direction_100m,214.293
2025-08-12T05:00:00Z,52.2297,21.0122,temperature_2m,25.449
2025-08-12T05:00:00Z,52.2297,21.0122,precipitation,0.000
2025-08-12T05:00:00Z,52.2297,21.0122,wind_speed_100m,6.145
2025-08-12T05:00:00Z,52.2297,21.0122,wind_direction_100m,200.366
2025-08-12T05:00:00Z,52.2797,21.0122,temperature_2m,26.495
2025-08-12T05:00:00Z,52.2797,21.0122,precipitation,0.000
2025-08-12T05:00:00Z,52.2797,21.0122,wind_speed_100m,6.359
2025-08-12T05:00:00Z,52.2797,21.0122,wind_direction_100m,212.981
2025-08-12T05:00:00Z,52.2297,21.0622,temperature_2m,26.008
2025-08-12T05:00:00Z,52.2297,21.0622,precipitation,0.000
2025-08-12T05:00:00Z,52.2297,21.0622,wind_speed_100m,6.683
2025-08-12T05:00:00Z,52.2297,21.0622,wind_direction_100m,218.970
2025-08-12T05:00:00Z,52.2797,21.0622,temperature_2m,25.885
2025-08-12T05:00:00Z,52.2797,21.0622,precipitation,0.000
2025-08-12T05:00:00Z,52.2797,21.0622,wind_speed_100m,6.254
2025-08-12T05:00:00Z,52.2797,21.0622,wind_direction_100m,213.967
2025-08-12T06:00:00Z,52.2297,21.0122,temperature_2m,25.535
2025-08-12T06:00:00Z,52.2297,21.0122,precipitation,2.183
2025-08-12T06:00:00Z,52.2297,21.0122,wind_speed_100m,6.166
2025-08-12T06:00:00Z,52.2297,21.0122,wind_direction_100m,213.619
2025-08-12T06:00:00Z,52.2797,21.0122,temperature_2m,25.451
2025-08-12T06:00:00Z,52.2797,21.0122,precipitation,0.000
2025-08-12T06:00:00Z,52.2797,21.0122,wind_speed_100m,5.701
2025-08-12T06:00:00Z,52.2797,21.0122,wind_direction_100m,204.899
2025-08-12T06:00:00Z,52.2297,21.0622,temperature_2m,26.641
2025-08-12T06:00:00Z,52.2297,21.0622,precipitation,1.019
2025-08-12T06:00:00Z,52.2297,21.0622,wind_speed_100m,5.998
2025-08-12T06:00:00Z,52.2297,21.0622,wind_direction_100m,212.960
2025-08-12T06:00:00Z,52.2797,21.0622,temperature_2m,25.443
2025-08-12T06:00:00Z,52.2797,21.0622,precipitation,0.000
2025-08-12T06:00:00Z,52.2797,21.0622,wind_speed_100m,6.299
2025-08-12T06:00:00Z,52.2797,21.0622,wind_direction_100m,215.666
2025-08-12T07:00:00Z,52.2297,21.0122,temperature_2m,25.265
2025-08-12T07:00:00Z,52.2297,21.0122,precipitation,0.000
2025-08-12T07:00:00Z,52.2297,21.0122,wind_speed_100m,5.995
2025-08-12T07:00:00Z,52.2297,21.0122,wind_direction_100m,211.042
2025-08-12T07:00:00Z,52.2797,21.0122,temperature_2m,25.695
2025-08-12T07:00:00Z,52.2797,21.0122,precipitation,0.000
2025-08-12T07:00:00Z,52.2797,21.0122,wind_speed_100m,5.505
2025-08-12T07:00:00Z,52.2797,21.0122,wind_direction_100m,205.508
2025-08-12T07:00:00Z,52.2297,21.0622,temperature_2m,26.285
2025-08-12T07:00:00Z,52.2297,21.0622,precipitation,0.000
2025-08-12T07:00:00Z,52.2297,21.0622,wind_speed_100m,5.866
2025-08-12T07:00:00Z,52.2297,21.0622,wind_direction_100m,197.500
2025-08-12T07:00:00Z,52.2797,21.0622,temperature_2m,25.985
2025-08-12T07:00:00Z,52.2797,21.0622,precipitation,0.000
2025-08-12T07:00:00Z,52.2797,21.0622,wind_speed_100m,5.871
2025-08-12T07:00:00Z,52.2797,21.0622,wind_direction_100m,209.535
2025-08-12T08:00:00Z,52.2297,21.0122,temperature_2m,25.523
2025-08-12T08:00:00Z,52.2297,21.0122,precipitation,0.000
2025-08-12T08:00:00Z,52.2297,21.0122,wind_speed_100m,5.467
2025-08-12T08:00:00Z,52.2297,21.0122,wind_direction_100m,195.789
2025-08-12T08:00:00Z,52.2797,21.0122,temperature_2m,25.250
2025-08-12T08:00:00Z,52.2797,21.0122,precipitation,0.000
2025-08-12T08:00:00Z,52.2797,21.0122,wind_speed_100m,5.081
2025-08-12T08:00:00Z,52.2797,21.0122,wind_direction_100m,199.099
2025-08-12T08:00:00Z,52.2297,21.0622,temperature_2m,24.872
2025-08-12T08:00:00Z,52.2297,21.0622,precipitation,0.239
2025-08-12T08:00:00Z,52.2297,21.0622,wind_speed_100m,5.376
2025-08-12T08:00:00Z,52.2297,21.0622,wind_direction_100m,207.002
2025-08-12T08:00:00Z,52.2797,21.0622,temperature_2m,25.027
2025-08-12T08:00:00Z,52.2797,21.0622,precipitation,0.000
2025-08-12T08:00:00Z,52.2797,21.0622,wind_speed_100m,4.717
2025-08-12T08:00:00Z,52.2797,21.0622,wind_direction_100m,207.407
2025-08-12T09:00:00Z,52.2297,21.0122,temperature_2m,24.019
2025-08-12T09:00:00Z,52.2297,21.0122,precipitation,0.000
2025-08-12T09:00:00Z,52.2297,21.0122,wind_speed_100m,4.878
2025-08-12T09:00:00Z,52.2297,21.0122,wind_direction_100m,198.020
2025-08-12T09:00:00Z,52.2797,21.0122,temperature_2m,23.557
2025-08-12T09:00:00Z,52.2797,21.0122,precipitation,0.000
2025-08-12T09:00:00Z,52.2797,21.0122,wind_speed_100m,4.933
2025-08-12T09:00:00Z,52.2797,21.0122,wind_direction_100m,185.709
2025-08-12T09:00:00Z,52.2297,21.0622,temperature_2m,24.227
2025-08-12T09:00:00Z,52.2297,21.0622,precipitation,0.000
2025-08-12T09:00:00Z,52.2297,21.0622,wind_speed_100m,4.781
2025-08-12T09:00:00Z,52.2297,21.0622,wind_direction_100m,197.809
2025-08-12T09:00:00Z,52.2797,21.0622,temperature_2m,24.230
2025-08-12T09:00:00Z,52.2797,21.0622,precipitation,0.000
2025-08-12T09:00:00Z,52.2797,21.0622,wind_speed_100m,4.808
2025-08-12T09:00:00Z,52.2797,21.0622,wind_direction_100m,185.858
2025-08-12T10:00:00Z,52.2297,21.0122,temperature_2m,23.269
2025-08-12T10:00:00Z,52.2297,21.0122,precipitation,0.000
2025-08-12T10:00:00Z,52.2297,21.0122,wind_speed_100m,3.928
2025-08-12T10:00:00Z,52.2297,21.0122,wind_direction_100m,188.283
2025-08-12T10:00:00Z,52.2797,21.0122,temperature_2m,23.043
2025-08-12T10:00:00Z,52.2797,21.0122,precipitation,0.000
2025-08-12T10:00:00Z,52.2797,21.0122,wind_speed_100m,4.023
2025-08-12T10:00:00Z,52.2797,21.0122,wind_direction_100m,191.571
2025-08-12T10:00:00Z,52.2297,21.0622,temperature_2m,23.284
2025-08-12T10:00:00Z,52.2297,21.0622,precipitation,0.413
2025-08-12T10:00:00Z,52.2297,21.0622,wind_speed_100m,3.900
2025-08-12T10:00:00Z,52.2297,21.0622,wind_direction_100m,181.680
2025-08-12T10:00:00Z,52.2797,21.0622,temperature_2m,22.559
2025-08-12T10:00:00Z,52.2797,21.0622,precipitation,0.000
2025-08-12T10:00:00Z,52.2797,21.0622,wind_speed_100m,3.856
2025-08-12T10:00:00Z,52.2797,21.0622,wind_direction_100m,186.336
2025-08-12T11:00:00Z,52.2297,21.0122,temperature_2m,22.220
2025-08-12T11:00:00Z,52.2297,21.0122,precipitation,0.000
2025-08-12T11:00:00Z,52.2297,21.0122,wind_speed_100m,3.674
2025-08-12T11:00:00Z,52.2297,21.0122,wind_direction_100m,174.514
2025-08-12T11:00:00Z,52.2797,21.0122,temperature_2m,21.104
2025-08-12T11:00:00Z,52.2797,21.0122,precipitation,0.000
2025-08-12T11:00:00Z,52.2797,21.0122,wind_speed_100m,3.265
2025-08-12T11:00:00Z,52.2797,21.0122,wind_direction_100m,179.537
2025-08-12T11:00:00Z,52.2297,21.0622,temperature_2m,22.217
2025-08-12T11:00:00Z,52.2297,21.0622,precipitation,0.249
2025-08-12T11:00:00Z,52.2297,21.0622,wind_speed_100m,3.697
2025-08-12T11:00:00Z,52.2297,21.0622,wind_direction_100m,182.803
2025-08-12T11:00:00Z,52.2797,21.0622,temperature_2m,21.111
2025-08-12T11:00:00Z,52.2797,21.0622,precipitation,0.000
2025-08-12T11:00:00Z,52.2797,21.0622,wind_speed_100m,3.295
2025-08-12T11:00:00Z,52.2797,21.0622,wind_direction_100m,187.676
2025-08-12T12:00:00Z,52.2297,21.0122,temperature_2m,20.451
2025-08-12T12:00:00Z,52.2297,21.0122,precipitation,0.000
2025-08-12T12:00:00Z,52.2297,21.0122,wind_speed_100m,3.238
2025-08-12T12:00:00Z,52.2297,21.0122,wind_direction_100m,162.616
2025-08-12T12:00:00Z,52.2797,21.0122,temperature_2m,19.375
2025-08-12T12:00:00Z,52.2797,21.0122,precipitation,0.000
2025-08-12T12:00:00Z,52.2797,21.0122,wind_speed_100m,3.036
2025-08-12T12:00:00Z,52.2797,21.0122,wind_direction_100m,172.391
2025-08-12T12:00:00Z,52.2297,21.0622,temperature_2m,20.691
2025-08-12T12:00:00Z,52.2297,21.0622,precipitation,0.000
2025-08-12T12:00:00Z,52.2297,21.0622,wind_speed_100m,3.012
2025-08-12T12:00:00Z,52.2297,21.0622,wind_direction_100m,176.423
2025-08-12T12:00:00Z,52.2797,21.0622,temperature_2m,20.407
2025-08-12T12:00:00Z,52.2797,21.0622,precipitation,0.000
2025-08-12T12:00:00Z,52.2797,21.0622,wind_speed_100m,3.098
2025-08-12T12:00:00Z,52.2797,21.0622,wind_direction_100m,171.586
2025-08-12T13:00:00Z,52.2297,21.0122,temperature_2m,18.367
2025-08-12T13:00:00Z,52.2297,21.0122,precipitation,0.000
2025-08-12T13:00:00Z,52.2297,21.0122,wind_speed_100m,3.383
2025-08-12T13:00:00Z,52.2297,21.0122,wind_direction_100m,173.819
2025-08-12T13:00:00Z,52.2797,21.0122,temperature_2m,18.617
2025-08-12T13:00:00Z,52.2797,21.0122,precipitation,0.000
2025-08-12T13:00:00Z,52.2797,21.0122,wind_speed_100m,3.182
2025-08-12T13:00:00Z,52.2797,21.0122,wind_direction_100m,168.820
2025-08-12T13:00:00Z,52.2297,21.0622,temperature_2m,18.038
2025-08-12T13:00:00Z,52.2297,21.0622,precipitation,0.000
2025-08-12T13:00:00Z,52.2297,21.0622,wind_speed_100m,2.864
2025-08-12T13:00:00Z,52.2297,21.0622,wind_direction_100m,167.227
2025-08-12T13:00:00Z,52.2797,21.0622,temperature_2m,18.578
2025-08-12T13:00:00Z,52.2797,21.0622,precipitation,0.000
2025-08-12T13:00:00Z,52.2797,21.0622,wind_speed_100m,2.928
2025-08-12T13:00:00Z,52.2797,21.0622,wind_direction_100m,158.648
2025-08-12T14:00:00Z,52.2297,21.0122,temperature_2m,17.284
2025-08-12T14:00:00Z,52.2297,21.0122,precipitation,0.000
2025-08-12T14:00:00Z,52.2297,21.0122,wind_speed_100m,2.965
2025-08-12T14:00:00Z,52.2297,21.0122,wind_direction_100m,161.740
2025-08-12T14:00:00Z,52.2797,21.0122,temperature_2m,17.403
2025-08-12T14:00:00Z,52.2797,21.0122,precipitation,0.000
2025-08-12T14:00:00Z,52.2797,21.0122,wind_speed_100m,3.102
2025-08-12T14:00:00Z,52.2797,21.0122,wind_direction_100m,161.216
2025-08-12T14:00:00Z,52.2297,21.0622,temperature_2m,16.895
2025-08-12T14:00:00Z,52.2297,21.0622,precipitation,0.000
2025-08-12T14:00:00Z,52.2297,21.0622,wind_speed_100m,3.038
2025-08-12T14:00:00Z,52.2297,21.0622,wind_direction_100m,160.945
2025-08-12T14:00:00Z,52.2797,21.0622,temperature_2m,17.457
2025-08-12T14:00:00Z,52.2797,21.0622,precipitation,0.000
2025-08-12T14:00:00Z,52.2797,21.0622,wind_speed_100m,2.659
2025-08-12T14:00:00Z,52.2797,21.0622,wind_direction_100m,151.311
2025-08-12T15:00:00Z,52.2297,21.0122,temperature_2m,16.106
2025-08-12T15:00:00Z,52.2297,21.0122,precipitation,1.008
2025-08-12T15:00:00Z,52.2297,21.0122,wind_speed_100m,3.101
2025-08-12T15:00:00Z,52.2297,21.0122,wind_direction_100m,149.238
2025-08-12T15:00:00Z,52.2797,21.0122,temperature_2m,16.377
2025-08-12T15:00:00Z,52.2797,21.0122,precipitation,0.000
2025-08-12T15:00:00Z,52.2797,21.0122,wind_speed_100m,3.046
2025-08-12T15:00:00Z,52.2797,21.0122,wind_direction_100m,153.341
2025-08-12T15:00:00Z,52.2297,21.0622,temperature_2m,15.509
2025-08-12T15:00:00Z,52.2297,21.0622,precipitation,0.000
2025-08-12T15:00:00Z,52.2297,21.0622,wind_speed_100m,2.846
2025-08-12T15:00:00Z,52.2297,21.0622,wind_direction_100m,145.292
2025-08-12T15:00:00Z,52.2797,21.0622,temperature_2m,16.228
2025-08-12T15:00:00Z,52.2797,21.0622,precipitation,0.000
2025-08-12T15:00:00Z,52.2797,21.0622,wind_speed_100m,3.106
2025-08-12T15:00:00Z,52.2797,21.0622,wind_direction_100m,162.481
2025-08-12T16:00:00Z,52.2297,21.0122,temperature_2m,15.045
2025-08-12T16:00:00Z,52.2297,21.0122,precipitation,0.000
2025-08-12T16:00:00Z,52.2297,21.0122,wind_speed_100m,3.038
2025-08-12T16:00:00Z,52.2297,21.0122,wind_direction_100m,141.551
2025-08-12T16:00:00Z,52.2797,21.0122,temperature_2m,14.763
2025-08-12T16:00:00Z,52.2797,21.0122,precipitation,0.563
2025-08-12T16:00:00Z,52.2797,21.0122,wind_speed_100m,3.344
2025-08-12T16:00:00Z,52.2797,21.0122,wind_direction_100m,159.068
2025-08-12T16:00:00Z,52.2297,21.0622,temperature_2m,14.792
2025-08-12T16:00:00Z,52.2297,21.0622,precipitation,0.000
2025-08-12T16:00:00Z,52.2297,21.0622,wind_speed_100m,2.896
2025-08-12T16:00:00Z,52.2297,21.0622,wind_direction_100m,147.706
2025-08-12T16:00:00Z,52.2797,21.0622,temperature_2m,15.042
2025-08-12T16:00:00Z,52.2797,21.0622,precipitation,0.000
2025-08-12T16:00:00Z,52.2797,21.0622,wind_speed_100m,3.509
2025-08-12T16:00:00Z,52.2797,21.0622,wind_direction_100m,147.343
2025-08-12T17:00:00Z,52.2297,21.0122,temperature_2m,13.908
2025-08-12T17:00:00Z,52.2297,21.0122,precipitation,0.000
2025-08-12T17:00:00Z,52.2297,21.0122,wind_speed_100m,3.877
2025-08-12T17:00:00Z,52.2297,21.0122,wind_direction_100m,156.293
2025-08-12T17:00:00Z,52.2797,21.0122,temperature_2m,14.141
2025-08-12T17:00:00Z,52.2797,21.0122,precipitation,0.000
2025-08-12T17:00:00Z,52.2797,21.0122,wind_speed_100m,3.372
2025-08-12T17:00:00Z,52.2797,21.0122,wind_direction_100m,146.487
2025-08-12T17:00:00Z,52.2297,21.0622,temperature_2m,14.070
2025-08-12T17:00:00Z,52.2297,21.0622,precipitation,0.000
2025-08-12T17:00:00Z,52.2297,21.0622,wind_speed_100m,3.532
2025-08-12T17:00:00Z,52.2297,21.0622,wind_direction_100m,159.784
2025-08-12T17:00:00Z,52.2797,21.0622,temperature_2m,14.264
2025-08-12T17:00:00Z,52.2797,21.0622,precipitation,0.000
2025-08-12T17:00:00Z,52.2797,21.0622,wind_speed_100m,3.451
2025-08-12T17:00:00Z,52.2797,21.0622,wind_direction_100m,143.774
2025-08-12T18:00:00Z,52.2297,21.0122,temperature_2m,14.359
2025-08-12T18:00:00Z,52.2297,21.0122,precipitation,0.000
2025-08-12T18:00:00Z,52.2297,21.0122,wind_speed_100m,4.020
2025-08-12T18:00:00Z,52.2297,21.0122,wind_direction_100m,156.540
2025-08-12T18:00:00Z,52.2797,21.0122,temperature_2m,14.069
2025-08-12T18:00:00Z,52.2797,21.0122,precipitation,0.000
2025-08-12T18:00:00Z,52.2797,21.0122,wind_speed_100m,4.262
2025-08-12T18:00:00Z,52.2797,21.0122,wind_direction_100m,150.102
2025-08-12T18:00:00Z,52.2297,21.0622,temperature_2m,13.470
2025-08-12T18:00:00Z,52.2297,21.0622,precipitation,0.000
2025-08-12T18:00:00Z,52.2297,21.0622,wind_speed_100m,4.298
2025-08-12T18:00:00Z,52.2297,21.0622,wind_direction_100m,153.517
2025-08-12T18:00:00Z,52.2797,21.0622,temperature_2m,13.522
2025-08-12T18:00:00Z,52.2797,21.0622,precipitation,0.232
2025-08-12T18:00:00Z,52.2797,21.0622,wind_speed_100m,3.960
2025-08-12T18:00:00Z,52.2797,21.0622,wind_direction_100m,152.385
2025-08-12T19:00:00Z,52.2297,21.0122,temperature_2m,14.669
2025-08-12T19:00:00Z,52.2297,21.0122,precipitation,0.000
2025-08-12T19:00:00Z,52.2297,21.0122,wind_speed_100m,4.390
2025-08-12T19:00:00Z,52.2297,21.0122,wind_direction_100m,158.943
2025-08-12T19:00:00Z,52.2797,21.0122,temperature_2m,13.887
2025-08-12T19:00:00Z,52.2797,21.0122,precipitation,0.000
2025-08-12T19:00:00Z,52.2797,21.0122,wind_speed_100m,4.660
2025-08-12T19:00:00Z,52.2797,21.0122,wind_direction_100m,164.216
2025-08-12T19:00:00Z,52.2297,21.0622,temperature_2m,14.276
2025-08-12T19:00:00Z,52.2297,21.0622,precipitation,0.000
2025-08-12T19:00:00Z,52.2297,21.0622,wind_speed_100m,4.299
2025-08-12T19:00:00Z,52.2297,21.0622,wind_direction_100m,163.048
2025-08-12T19:00:00Z,52.2797,21.0622,temperature_2m,14.736
2025-08-12T19:00:00Z,52.2797,21.0622,precipitation,0.000
2025-08-12T19:00:00Z,52.2797,21.0622,wind_speed_100m,4.683
2025-08-12T19:00:00Z,52.2797,21.0622,wind_direction_100m,150.136
2025-08-12T20:00:00Z,52.2297,21.0122,temperature_2m,14.685
2025-08-12T20:00:00Z,52.2297,21.0122,precipitation,0.000
2025-08-12T20:00:00Z,52.2297,21.0122,wind_speed_100m,5.253
2025-08-12T20:00:00Z,52.2297,21.0122,wind_direction_100m,159.767
2025-08-12T20:00:00Z,52.2797,21.0122,temperature_2m,14.500
2025-08-12T20:00:00Z,52.2797,21.0122,precipitation,0.000
2025-08-12T20:00:00Z,52.2797,21.0122,wind_speed_100m,4.744
2025-08-12T20:00:00Z,52.2797,21.0122,wind_direction_100m,161.351
2025-08-12T20:00:00Z,52.2297,21.0622,temperature_2m,14.789
2025-08-12T20:00:00Z,52.2297,21.0622,precipitation,0.000
2025-08-12T20:00:00Z,52.2297,21.0622,wind_speed_100m,4.625
2025-08-12T20:00:00Z,52.2297,21.0622,wind_direction_100m,160.384
2025-08-12T20:00:00Z,52.2797,21.0622,temperature_2m,14.877
2025-08-12T20:00:00Z,52.2797,21.0622,precipitation,0.000
2025-08-12T20:00:00Z,52.2797,21.0622,wind_speed_100m,4.940
2025-08-12T20:00:00Z,52.2797,21.0622,wind_direction_100m,158.719
2025-08-12T21:00:00Z,52.2297,21.0122,temperature_2m,15.321
2025-08-12T21:00:00Z,52.2297,21.0122,precipitation,0.000
2025-08-12T21:00:00Z,52.2297,21.0122,wind_speed_100m,5.584
2025-08-12T21:00:00Z,52.2297,21.0122,wind_direction_100m,167.439
2025-08-12T21:00:00Z,52.2797,21.0122,temperature_2m,16.143
2025-08-12T21:00:00Z,52.2797,21.0122,precipitation,0.000
2025-08-12T21:00:00Z,52.2797,21.0122,wind_speed_100m,5.061
2025-08-12T21:00:00Z,52.2797,21.0122,wind_direction_100m,170.897
2025-08-12T21:00:00Z,52.2297,21.0622,temperature_2m,16.193
2025-08-12T21:00:00Z,52.2297,21.0622,precipitation,0.000
2025-08-12T21:00:00Z,52.2297,21.0622,wind_speed_100m,5.335
2025-08-12T21:00:00Z,52.2297,21.0622,wind_direction_100m,169.277
2025-08-12T21:00:00Z,52.2797,21.0622,temperature_2m,16.431
2025-08-12T21:00:00Z,52.2797,21.0622,precipitation,0.000
2025-08-12T21:00:00Z,52.2797,21.0622,wind_speed_100m,5.422
2025-08-12T21:00:00Z,52.2797,21.0622,wind_direction_100m,156.744
2025-08-12T22:00:00Z,52.2297,21.0122,temperature_2m,17.126
2025-08-12T22:00:00Z,52.2297,21.0122,precipitation,0.000
2025-08-12T22:00:00Z,52.2297,21.0122,wind_speed_100m,6.213
2025-08-12T22:00:00Z,52.2297,21.0122,wind_direction_100m,180.832
2025-08-12T22:00:00Z,52.2797,21.0122,temperature_2m,17.036
2025-08-12T22:00:00Z,52.2797,21.0122,precipitation,0.000
2025-08-12T22:00:00Z,52.2797,21.0122,wind_speed_100m,5.883
2025-08-12T22:00:00Z,52.2797,21.0122,wind_direction_100m,177.797
2025-08-12T22:00:00Z,52.2297,21.0622,temperature_2m,17.217
2025-08-12T22:00:00Z,52.2297,21.0622,precipitation,0.000
2025-08-12T22:00:00Z,52.2297,21.0622,wind_speed_100m,5.641
2025-08-12T22:00:00Z,52.2297,21.0622,wind_direction_100m,172.738
2025-08-12T22:00:00Z,52.2797,21.0622,temperature_2m,16.774
2025-08-12T22:00:00Z,52.2797,21.0622,precipitation,0.000
2025-08-12T22:00:00Z,52.2797,21.0622,wind_speed_100m,6.071
2025-08-12T22:00:00Z,52.2797,21.0622,wind_direction_100m,176.345
2025-08-12T23:00:00Z,52.2297,21.0122,temperature_2m,18.940
2025-08-12T23:00:00Z,52.2297,21.0122,precipitation,0.000
2025-08-12T23:00:00Z,52.2297,21.0122,wind_speed_100m,6.633
2025-08-12T23:00:00Z,52.2297,21.0122,wind_direction_100m,178.746
2025-08-12T23:00:00Z,52.2797,21.0122,temperature_2m,18.753
2025-08-12T23:00:00Z,52.2797,21.0122,precipitation,0.000
2025-08-12T23:00:00Z,52.2797,21.0122,wind_speed_100m,6.553
2025-08-12T23:00:00Z,52.2797,21.0122,wind_direction_100m,188.593
2025-08-12T23:00:00Z,52.2297,21.0622,temperature_2m,19.036
2025-08-12T23:00:00Z,52.2297,21.0622,precipitation,0.000
2025-08-12T23:00:00Z,52.2297,21.0622,wind_speed_100m,6.744
2025-08-12T23:00:00Z,52.2297,21.0622,wind_direction_100m,186.081
2025-08-12T23:00:00Z,52.2797,21.0622,temperature_2m,17.885
2025-08-12T23:00:00Z,52.2797,21.0622,precipitation,0.000
2025-08-12T23:00:00Z,52.2797,21.0622,wind_speed_100m,6.453
2025-08-12T23:00:00Z,52.2797,21.0622,wind_direction_100m,188.597
